organization,initials,href,course_code,course_name,course_info,instructor
Ege University,ege,https://ebp.ege.edu.tr/DereceProgramlari/Ders/1/2626/121959/633004/1,501001042010,MATEMATİK-I,Bu dersin amacı öğrencilerin temel matematiksel kavramları matematiksel hiyerarşi ve bütünlük içerisinde anlamasını sağlamak ve diğer matematik tabanlı dersler için matematiksel alt yapıya sahip olmalarını sağlamaktır.,Assoc. Prof. Dr. Vecdi AYTAÇ
Ege University,ege,https://ebp.ege.edu.tr/DereceProgramlari/Ders/1/2626/121962/635616/1,501001052007,FİZİK-I,"Bu dersin sonunda öğrenciler bir fiziksel olayı nasıl ele alabileceklerini, bu olay ile ilgili problemlerin çözümü için nasıl bir yöntem izleneceğini, gerekli matemetiksel bağıntıları kullanarak problemlerin çözümünü öğreneceklerdir.","Prof. Dr.Cüneyt ÇELİKTAŞ, Assoc. Prof. Dr. Mine ÇAPAR"
Ege University,ege,https://ebp.ege.edu.tr/DereceProgramlari/Ders/1/2626/121965/632540/1,501001071994,ALGORİTMA VE PROGRAMLAMA-I,"Bu dersin amacı, öğrencilerin temel algoritma ve problem çözme yapıları hakkında bilgi sahibi olmasını ve bir problemle karşılaştıklarında bu temel yapıları kullanarak algoritmalar tasarlayabilme ve bu algoritmaları Python programlama dili ile gerçekleştirebilme yeteneğini kazanmasını sağlamaktır.",Dr. Öğr. Üyesi Özgür Gümüş
Ege University,ege,https://ebp.ege.edu.tr/DereceProgramlari/Ders/1/2626/121970/638048/1,501001092010,MATEMATİK-II,Bu dersin amacı öğrencilerin temel matematiksel kavramları matematiksel hiyerarşi ve bütünlük içerisinde anlamasını sağlamak ve diğer matematik tabanlı dersler için matematiksel alt yapıya sahip olmalarını sağlamaktır.,Assoc. Prof. Dr. Vecdi AYTAÇ
Ege University,ege,https://ebp.ege.edu.tr/DereceProgramlari/Ders/1/2626/121973/635999/1,501001102007,FİZİK-II,"Bu dersin sonunda öğrenciler bir fiziksel olayı nasıl ele alabileceklerini, bu olay ile ilgili problemlerin çözümü için nasıl bir yöntem izleneceğini, gerekli matemetiksel bağıntıları kullanarak problemlerin çözümünü öğreneceklerdir.","Prof. Dr. Cüneyt ÇELİKTAŞ, Doç. Dr. Mine ÇAPAR"
Ege University,ege,https://ebp.ege.edu.tr/DereceProgramlari/Ders/1/2626/121975/638029/1,501001112010,AYRIK YAPILAR,"Bu dersin amacı öğrencilerin bilgisayarların temel matematiksel yapısını anlamasını, matematik ve ayrık matematiğin ortak konularında çalışabilmelerini sağlamaktır.",Prof. Dr. Vecdi AYTAÇ
Ege University,ege,https://ebp.ege.edu.tr/DereceProgramlari/Ders/1/2626/121978/630726/1,501001121998,ALGORİTMA VE PROGRAMLAMA-II,"Bu dersin amacı, öğrencilerin nesneye dayalı programlamanın temel kavramları ile doğrusal veri yapıları hakkında bilgi sahibi olmasını sağlamaktır. Bu bağlamda, problemleri nesneye dayalı programlama yaklaşımı kullanarak çözebilme ve gerektiğinde doğrusal veri yapılarını problemlerin çözümünde kullanabilme yeteneklerinin kazandırılmasını sağlamak hedeflenmektedir.",Doç.Dr.Rıza Cenk ERDUR
Ege University,ege,https://ebp.ege.edu.tr/DereceProgramlari/Ders/1/2626/121987/634417/1,501001162010,INTRODUCTION TO COMPUTER SCIENCE,"Bu dersin amacı, orta öğretimden farklı düzeylerde bilgisayar bilgisi ile gelen öğrencilerin bilgisayar bilimleri ile ilgili temel kavramları doğru olarak kavrayabilmesini, temel bilgi düzeyinde tüm sınıfın eş konuma gelebilmesini ve öğrencilerin izleyen üç yıl boyunca görecekleri temel dersleri giriş niteliğinde tanıyarak aralarındaki bağlantıları kurabilmelerini sağlamaktır.",Doç.Dr. Özgü CAN
Ege University,ege,https://ebp.ege.edu.tr/DereceProgramlari/Ders/1/2626/121993/630714/1,501002021996,DİFERANSİYEL DENKLEMLER,"Bu dersin amacı mühendislik eğitiminde çok sık karşılaşılan diferansiyel denklemlerin sadece teorik olarak değil aynı zamanda uygulamalı olarak öğrenilmesi, öğrencilerin denklem kurma ve denklemi uygun bir yöntemle çözebilme becerisine sahip olmalarını sağlamaktır.",Assoc. Prof. Dr. Vecdi AYTAÇ
Ege University,ege,https://ebp.ege.edu.tr/DereceProgramlari/Ders/1/2626/121995/634961/1,501002032010,ELECTRICAL CIRCUITS,"Temel elektriksel nicelikleri, temel devre elemanlarını anlama, Ohm ve Kirşof Kanunları gibi devre analizinin temel kanunlarını uygulayabilme, Lineer ve 1. Dereceden RL ve RC devrelerini analiz edebilmedir.",Assist. Prof. Dr. Emine SEZER
Ege University,ege,https://ebp.ege.edu.tr/DereceProgramlari/Ders/1/2626/121997/638080/1,501002042010,DATA STRUCTURES,Veri Yapıları kavramlarının anlaşılmasını ve öğrenilmesini sağlamak ve bu kavramları problemlerin çözümünde doğru ve etkin bir şekilde kullanabilme yeteneğini kazandırmak. Veri düzenleme ve işlemenin problem çözmedeki yararlılıklarını göstermek.,Prof. Dr. Aybars UĞUR
Ege University,ege,https://ebp.ege.edu.tr/DereceProgramlari/Ders/1/2626/122007/628578/1,501002102010,OLASILIK VE İSTATİSTİK,"Dersin amacı temel olasılık ve istatistik kavramlarının öğretimek, temel olasılık dağılışlarının ve uygulamalarını tanıtmak, istatistiksel veri analizi teknikleri ve uygulamaları konusunda beceri kazanımlarını sağlamaktır.",Doç. Dr. Halil TANIL
Ege University,ege,https://ebp.ege.edu.tr/DereceProgramlari/Ders/1/2626/122026/632966/1,501002231999,MANTIK DEVRELERİ TASARIMI,"Bu dersin amacı öğrencilerin kapı ve ikili durum seviyesinde sayısal devreler hakkında bilgi sahibi olması, birleştirilmiş ve ardışık devrelerin analizi ve tasarımını yapabilmesini sağlamaktır.",Dr. Öğr. Üyesi Birol ÇİLOĞLUGİL
Ege University,ege,https://ebp.ege.edu.tr/DereceProgramlari/Ders/1/2626/122031/630586/1,501002252010,AUTOMATA THEORY,"Bu dersin amacı, öğrencilerin bilgisayar kuramının temelini oluşturan teoriler arasında yer alan; sonlu otomata teorisi, alta bastırmalı otomata teorisi ve Turing teorisi hakkında bilgi sahibi olmasını, bu modellerin bilgisayar bilimlerindeki uygulamalarını tanıyabilmesini ve soyut düşünme ve biçimsel ifade yeteneğini kazanmasını sağlamaktır.",Doç. Dr. Rıza Cenk ERDUR
Ege University,ege,https://ebp.ege.edu.tr/DereceProgramlari/Ders/1/2626/122011/635815/1,501002112010,DOĞRUSAL CEBİR VE NÜMERİK YÖNTEMLER,Ders kapsamında doğrusal cebir ve nümerik yöntemlere ilişkin yaklaşımların algoritmik olarak bilgisayar çözüm önerilerini kavrayabilmeleri ve MATLAB ortamında çözüm geliştirebilmeleri hedeflenmektedir,Dr. Öğr. Üyesi Züleyha AKUSTA DAĞDEVİREN
Ege University,ege,https://ebp.ege.edu.tr/DereceProgramlari/Ders/1/2626/122015/630731/1,501002132010,DIGITAL ELECTRONICS,"Dersin amacı, sayısal elektronikle ilgili bir alt yapı oluşturmak, yarı iletken devre elemanlarını ve bunların temel devre kullanımlarını anlatmaktır.",Assist. Prof. Dr. Emine SEZER
Ege University,ege,https://ebp.ege.edu.tr/DereceProgramlari/Ders/1/2626/122022/635298/1,501002191998,PROGRAMMING LANGUAGES,"Bu dersin amacı, öğrencinin programlama dillerinin temelindeki kavramları öğrenmesi ve bu kavramların farklı programlama dillerindeki uygulamalarını değerlendirerek, programlama dilleri alanında kapsamlı bir bakış açısına sahip olmasıdır.",Dr. Öğr. Üyesi Ahmet EGESOY
Ege University,ege,https://ebp.ege.edu.tr/DereceProgramlari/Ders/1/2626/122029/630739/1,501002242010,DIGITAL COMPUTER DESIGN,Bu dersin amacı öğrencilerin bilgisayarı oluşturan donanımları tanımaları ve bir işlemci ünitesi tasarlayabilmelerini sağlamaktır.,Dr. Öğr. Üyesi Birol ÇİLOĞLUGİL
Ege University,ege,https://ebp.ege.edu.tr/DereceProgramlari/Ders/1/2626/122067/634383/1,501003222010,DATABASE MANAGEMENT,"Bu dersin amacı, öğrencilerin, veritabanı kavramını tanımasını ve anlamasını,ilişkisel veri modelinin kavramlarını öğrenebilmesini,SQL deyimlerini öğrenebilmesini ve kullanabilmesini,kavramsal modellemeyi kavramasını, kavramsal modelden ilişkisel modele veritabanı tasarımı ilkelerini kullanarak geçebilmesini öğrenmeyi,veritabanı normalizasyon kuramını öğrenmesini ve veritabanı tasarımına etkilerini algılamasını,sorgu işleme, eniyileme ve veritabanı ayarlama kavramlarını öğrenip uygulamasını,kayıt hareketi işleme ve eşzamanlılık denetimi kavramlarının önemini ve uygulamadaki yerini anlamasını ve yeni nesil veritabanı uygulamaları hakkında bilgi sahibi olmasını sağlamaktır.",Prof.Dr. Murat Osman ÜNALIR
Ege University,ege,https://ebp.ege.edu.tr/DereceProgramlari/Ders/1/2626/122070/633697/1,501003242004,NESNEYE DAYALI PROGRAMLAMA,"Bu dersin amacı, öğrencilerin kalıtım, çok-biçimlilik ve arayüzleri kullanarak etkili ve esnek nesne yönelimli yazılımlar geliştirebilmelerini, nesneye yönelik yazılımların birim testlerini gerçekleştirebilmelerini, eş-zamanlı çalışan programlar yazabilmelerini ve tasarım desenlerini nesneye yönelik çözümlerde kullanabilme yeteneğini kazanmalarını sağlamaktır.",Doç. Dr. Özgün YILMAZ
Ege University,ege,https://ebp.ege.edu.tr/DereceProgramlari/Ders/1/2626/274856/756927/1,501003312018,İŞLETİM SİSTEMLERİ,"Bu dersin amacı, öğrencilerin işletim sistemlerinin temel görevlerini ve bir bilgisayarın çalışmasındaki işlevlerini kavramalarını, süreç ve bellek yönetimi işlevlerinin detaylı olarak öğrenebilmelerini sağlamaktır..",Assoc. Prof. Dr. Hasan BULUT
Ege University,ege,https://ebp.ege.edu.tr/DereceProgramlari/Ders/1/2626/122088/635257/1,501003412009,MİKROİŞLEMCİLER,"Mikroişlemciler ilgili temel kavramları anlayarak, birleştirici dili ile programlamanın ve mikroişlemciye dayalı sistemlerin arayüzlerle bağlantısı ve tasarımının alt yapısını oluşturabilmedir.",Assoc. Prof. Dr. Şebnem Bora
Ege University,ege,https://ebp.ege.edu.tr/DereceProgramlari/Ders/1/2626/259058/738914/1,501003452015,BİLGİSAYAR AĞLARI,"Bu dersin amacı, öğrencilerin, veri iletişimi ve bilgisayar ağları ile ilgili temel kavramları, ağ’ların tarihçesini, ağ türlerini, fiziksel veri iletişim ortamında kullanılan medyayı, iletişim protokollerini, protokollerin sınıflandırılmasını, katmanlı sistemleri, ağ mimarisini ve Open System Interconnection (OSI) referans modelinin katmanlarını ve katmanların fonksiyonlarını tanıyabilmesini; Internetworking hakkındaki kavramları, TCP/IP referans modelini, TCP/IP referans modelindeki fonksiyonları ve protokolleri tanıyabilmesini, IP adres sistemini çözümleyebilmesini ve TCP/IP referans modelindeki diğer protokollerin çalışmasını açıklayabilmesini sağlamaktır.",Prof. Dr. Levent TOKER
Ege University,ege,https://ebp.ege.edu.tr/DereceProgramlari/Ders/1/2626/274857/756928/1,501003362018,SOFTWARE ANALYSIS AND DESIGN,"Bu dersin amacı, öğrencilerin bir sistemin yazılım gereksinimlerini nesneye dayalı yöntemlerlerle belirliyebilme, analiz etme, tasarlama ve UML ile belgeleme yeteneklerini kazanmalarını sağlamaktır.",Prof.Dr. Oğuz Dikenelli
Ege University,ege,https://ebp.ege.edu.tr/DereceProgramlari/Ders/1/2626/122087/635631/1,501003402009,MICROCONTROLLER BASED SYSTEM DESIGN,"Bu dersin amacı, 8051 tabanlı bir mikrobilgisayarın işlemci, bellek ve giriş/çıkış birimlerinin anlaşılması ve birleştirici dili ile programlanmasıdır",Doç. Dr. Şebnem Bora
Ege University,ege,https://ebp.ege.edu.tr/DereceProgramlari/Ders/1/2626/259057/739020/1,501003522015,ANALYSIS OF ALGORITHMS,"Bu ders, gerçek yaşam problemlerine çözüm tasarlamada kullanılabilecek temel algoritmalar ve algoritma tasarım tekniklerini öğretir. Bu dersin amacı, öğrencilerin (i) bir problem için derste tartışılan metodları kullanarak yeni algoritmalar tasarlayabilmesi,(ii) bir algoritmayı bellek kullanımı ve çalışma süresi gibi çeşitli performans kriterlerine göre analiz edebilmesi ,(iii) çözülecek problem için en uygun algoritmayı seçebilmesi (iv) bir algoritmayı verimli bir şekilde uygulayabilmesi,için bilgi ve yetenekler kazandırmaktır.",Doç. Dr. Hasan BULUT
Ege University,ege,https://ebp.ege.edu.tr/DereceProgramlari/Ders/1/2626/284542/768063/1,501003602020,YAPAY ZEKA YÖNTEMLERİ,"Öğrencilerin Yapay Zeka alanına giriş yapabilmelerini ve güncel gelişmeleri takip edebilmelerini sağlamak; Yapay Zeka, Makine Öğrenmesi ve Eniyileme kapsamındaki temel yöntem ve algoritmaları öğretmek; Yapay Zeka ve Uygulama Alanlarında projeler geliştirebilir hale getirmek.",Prof. Dr. Aybars UĞUR
Ege University,ege,https://ebp.ege.edu.tr/DereceProgramlari/Ders/1/2626/274858/756929/1,501004472018,SOFTWARE ENGINEERING,"Bu dersin amacı yazılım mühendisliğinin temel ilkelerini incelenmesi ve bir proje çerçevesinde uygulanmasıdır. Bu kapsamda, yazılım geliştirme yaşam döngüsünün aşamaları ve farklı aşamalarda kullanılan yöntemler, teknikler ve araçlar tanıtılmaktadır.",Prof.Dr.N. Yasemin TOPALOĞLU
Ege University,ege,https://ebp.ege.edu.tr/DereceProgramlari/Ders/1/2626/122101/628555/1,501004082010,YÖNEYLEM ARAŞTIRMASI,Ders kapsamında karar verme problemlerinin çözümlerine yönelik temel kantitatif yaklaşımlar tanıtılmaktadır.,Prof. Dr. Orhan DAĞDEVİREN
Ege University,ege,https://ebp.ege.edu.tr/DereceProgramlari/Ders/1/2626/122156/635962/1,501004452010,COMPUTER ARCHITECTURE,"Bu dersin amacı öğrencilerin bilgisayarların katmanlı mimarisi hakkında detaylı bilgi sahibi olmasını sağlamak, günümüz işlemcilerini çeşitli yönleri ile incelemek ve karşılaştırmaktır.",Prof. Dr. Aylin Kantarcı
Ege University,ege,https://ebp.ege.edu.tr/DereceProgramlari/Ders/1/2626/122059/643135/1,501003182003,ÜST ORTAM PROGRAMLAMA,"Dersin amacı, internet programlama konusu kapsamındaki temel terminolojiyi öğrenme, HTML, CSS ve Java Script'i öğrenmedir. Ders kapsamında web sayfası yazılımları da incelenmektedir. Ayrıca, ReactJS çerçevesine giriş yapılmaktadır.",Doç.Dr. Özgün Yılmaz
Ege University,ege,https://ebp.ege.edu.tr/DereceProgramlari/Ders/1/2626/122075/643135/1,501003292002,WİNDOWS PROGRAMLAMA,"Bu dersin amacı, öğrencilerin, .NET platformunun temel bileşenlerini öğrenebilmesini,çoklu programlama dili kavramının avantajlarını anlayabilmesini,nesneye dayalı programlama kavramlarını öğrenebilmesini ve uygulayabilmesini,ADO.NET ile farklı veritabanı bağlantı katmanlarını kullanabilmesini,uygulamalar arasında yeni nesil iletişim temellerini öğrenebilmesini,iş akışı uygulamalarının temel kavramlarını anlayabilmesini, yeni nesil kullanıcı arayüzü standartlarını kullanabilmesini sağlamaktır.",Yrd. Doç. Dr. Özgü Can
Ege University,ege,https://ebp.ege.edu.tr/DereceProgramlari/Ders/1/2626/284543/643135/1,501003472020,MOBİL PROGRAMLAMA,"Bu dersin amacı; öğrencilerin mobil uygulama geliştirme ile ilgili kavramlar hakkında bilgi sahibi olmasını, Android platformu için uygulama standartlarını kavrayabilmesini ve mobil cihazların donanımsal ve sistemsel özelliklerini göz önünde bulundurarak uygulama tasarlama ve gerçekleştirme yeteneğini kazanabilmesini sağlamaktır.",Doç.Dr. Özgün Yılmaz
Ege University,ege,https://ebp.ege.edu.tr/DereceProgramlari/Ders/1/2626/122074/739023/1,501003282002,WEB TABANLI WINDOWS PROGRAMLAMA,"Bu dersin amacı, öğrencilerin, ASP.NET Core mimarisinin temel bileşenlerini öğrenebilmesini, web uygulamalarının temel bileşenlerini anlayabilmesini, web sayfalarında olayların işleyiş sırasını listeleyebilmesini, sunucu kontrolleri ve diğer kontroller arasındaki farklılıkları öğrenebilmesini,veri erişimi için temel nesneleri işlevleriyle birlikte öğrenebilmesini,web sitesi gezinimi için temel işlemleri ve kontrolleri öğrenebilmesini ve uygulayabilmesini,web sitesini kurulumunu öğrenebilmesini ve uygulayabilmesini,web uygulamalarının güvenliğini sağlamasını, yeni nesil kullanıcı arayüzü standartlarını öğrenebilmesini sağlamaktır.",Doç. Dr. Özgü Can
Ege University,ege,https://ebp.ege.edu.tr/DereceProgramlari/Ders/1/2626/122078/739023/1,501003322003,BİLGİSAYAR GRAFİKLERİ,"Temel dönüşümlerden gerçekçi kaplama tekniklerine kadar üç boyutlu ve vektörel grafikler ağırlıklı olarak bilgisayar grafiklerindeki temel kavramları öğretmek. Öğrencilere, verilen projelerle iki ve OpenGL gibi üç boyutlu grafik API'lerini ve kullanıcı arayüzlerini etkin kullanabilme yeteneğini kazandırmak. Hızlı ve kaliteli animasyon ve grafiklerin oluşturulmasında gerekli veri yapılarını etkin ve doğru bir şekilde tasarlayabilme ve kullanabilme yeteneğini kazandırmak. Öğrencileri 2 & 3 boyutlu oyun programlama ile tanıştırmak.",Prof. Dr. Aybars UĞUR
Ege University,ege,https://ebp.ege.edu.tr/DereceProgramlari/Ders/1/2626/259059/739023/1,501003482015,SİSTEM PROGRAMLAMA,"Bu dersin amacı, öğrencilerin işletim sistemlerinin dosya sistemi yönetimi, depolama birimi yönetimi, senkronizasyon, süreçlerarası iletişim, girdi-çıktı yönetimi görevleri konularında detaylı bilgi sahibi olmalarını ve işletim sistemi olanakları kullanmayı öğrenerek bu konularda yazılım geliştirme deneyim kazandırmayı sağlamaktır.",Prof. Dr. Aylin Kantarcı
Ege University,ege,https://ebp.ege.edu.tr/DereceProgramlari/Ders/1/2626/259056/739023/1,501003502015,AĞ TEKNOLOJİLERİ,"Bu dersin amacı, öğrencilerin ağ performansını arttırmaya yönelik çeşitli teknolojileri; ağ bağlantı cihazlarının özelliklerini; yerel alan ağı teknolojilerini ve işleyişini; metropol alan ağı teknolojilerini ve işleyişini; geniş alan ağı teknolojilerini işleyişini; yönlendirme kavramı ve özelliklerini; geniş alan ağlarında kullanılan yönlendirme protokollerini; gerçek zamanlı uygulamalara ilişkin protokolleri; yazılım tanımlı ağları; ağ yönetimi ve ağ yönetim protokollerini öğrenebilmesini sağlamaktır.",Prof. Dr. Levent TOKER
Ege University,ege,https://ebp.ege.edu.tr/DereceProgramlari/Ders/1/2626/264305/739023/1,501003542016,SUNUCU YAZILIM TEKNOLOJİLERİ,"Bu dersin amacı, öğrencilerin web uygulamaları geliştirme doğrultusunda J2EE platformunun sunduğu temel teknolojiler hakkında bilgi sahibi olmasını ve bu teknolojiler ile etkili ve esnek web tabanlı uygulamalar geliştirme yeteneğini kazanmasını sağlamaktır.",Doç. Dr. Özgün Yılmaz
Ege University,ege,https://ebp.ege.edu.tr/DereceProgramlari/Ders/1/2626/271444/739023/1,501003562017,VERİ BİLİMİNE GİRİŞ,"Bu dersin amacı, öğrencilerin veri bilimi ve makine öğrenmesi ile ilgili temel kavramlar hakkında bilgi sahibi olmasını, tablo halindeki veriyi elde etme, temizleme, düzenleme, işleme, görselleştirme ve çözümleme (regresyon, sınıflandırma ve kümeleme) ile ilgili teknikleri kavrayabilmesini ve bu teknikleri Python temelli yazılım araçları ile uygulayabilme yeteneği kazanmasını sağlamaktır.",Özgür Gümüş
Ege University,ege,https://ebp.ege.edu.tr/DereceProgramlari/Ders/1/2626/254032/739023/1,501004462014,ONTOLOJİ MÜHENDİSLİĞİ,"Bu dersin amacı, öğrencilerin, anlamsal web kavramını öğrenebilmesini,XML ve XML Schema standartlarının anlamsal web yığıtı içindeki rolünü anlayabilmesini,web servislerinin anlamsal web içindeki rolünü kavrayabilmesini,RDF ve RDFS standartlarının anlamsal web yığıtı içindeki rolünü ve önemini kavrayabilmesini,taksonomilerin temel özelliklerini öğrenebilmesini,çıkarsama kurallarını ve sürecini öğrenebilmesini,ontolojilerin taksonomilerden farkını öğrenebilmesini,ontolojilerin temel özelliklerini öğrenebilmesini,OWL ontoloji dilinin yapıtaşlarını kullanabilmesini,RDF, RDFS ve OWL kullanarak ontoloji geliştirebilmesini, SKOS ve FOAF gibi standart ontolojileri öğrenebilmesini sağlamaktır.",Doç.Dr. Murat Osman Ünalır
Ege University,ege,https://ebp.ege.edu.tr/DereceProgramlari/Ders/1/2626/122106/732442/1,501004112010,YÖNETİM BİLİŞİM SİSTEMLERİ,"Bu dersin amacı öğrencilerde yönetim bilişim sistemleri kavramları hakkında farkındalık yaratmak, bilgi ve karar seviyeleri hakkında bilgi vermektir. Ayrıca insan, teknoloji, sistem ve süreçler hakkındaki kavramsal ve pratik ilişkileri öğretmektir.",Dr. Erçin GÜDÜCÜ
Ege University,ege,https://ebp.ege.edu.tr/DereceProgramlari/Ders/1/2626/122140/732442/1,501004342001,GÖRÜNTÜ İŞLEME,"Bu dersin amacı, öğrencilere; görüntü işleme yöntemlerini öğretmektir.",Dr. Arif Erdal TAŞCI
Ege University,ege,https://ebp.ege.edu.tr/DereceProgramlari/Ders/1/2626/122147/732442/1,501004392010,VERİ MADENCİLİĞİ,"Bu dersin amacı, öğrencilerin, veri madenciliği kavramını öğrenebilmesini,öğrenme kavramını bilgisayar bilimleri kavramları ve bilişsel kavramlar cinsinden karşılaştırmalı olarak öğrenebilmesini,veri hazırlama tekniklerini uygulayabilmesini,veri ambarları, veri depoları ve OLAP kavramları arasındaki farkları açıklayabilmesini,kümeleme teknikleri arasındaki farklılıkları listeleyebilmesini,kümeleme tekniklerinden uygun tekniği seçebilmesini ve uygulayabilmesini,sınıflama teknikleri arasındaki farklılıkları listeleyebilmesini,sınıflama tekniklerinden uygun tekniği seçebilmesini ve uygulayabilmesini,tahminleme teknikleri arasındaki farklılıkları listeleyebilmesini,tahminleme tekniklerinden uygun tekniği seçebilmesini ve uygulayabilmesini,sağlamaktır.",Müh. Ertan Karakurt
Ege University,ege,https://ebp.ege.edu.tr/DereceProgramlari/Ders/1/2626/122151/732442/1,501004422010,SİMÜLASYON VE MODELLEME,Ders kapsamında simülasyon ve modelleme kavram ve bileşenleri tanıtılmakta ve simülasyon yazılımları üzerinde uygulamalar geliştirilmektedir.,Prof. Dr. Serdar KORUKOĞLU
Ege University,ege,https://ebp.ege.edu.tr/DereceProgramlari/Ders/1/2626/122153/732442/1,501004432010,GÖMÜLÜ VE GERÇEK ZAMANLI SİSTEMLER,"Bu dersin amacı, ileri düzeydeki gömülü sistemlerin tasarımı ve kullanımını içeren projelerin yürütülmesine yönelik bilginin edinilmesidir.",Dr. Öğ. Üyesi Mustafa Engin
Ege University,ege,https://ebp.ege.edu.tr/DereceProgramlari/Ders/1/2626/122161/732442/1,501004492009,WEB SERVİSLERİ,"Bu dersin amacı, öğrencilerin temel web servisleri standartları ve servis yönelimli mimariler geliştirmek için kullanılan anahtar teknolojiler hakkında bilgi sahibi olmasını, bu standart ve teknolojileri kullanarak web servisleri geliştirebilme ve web servisleri ile dağıtık uygulamalar geliştirebilme yeteneğini kazanmasını sağlamaktır.",Assist. Prof. Dr. Özgür Gümüş
Ege University,ege,https://ebp.ege.edu.tr/DereceProgramlari/Ders/1/2626/241589/732442/1,501004572012,BİLGİ GÖSTERİMİ,"Bilgi gösterimi kavram ve yöntemlerinin öğretilmesi. Ontoloji Mühendisliği, Yapay Us, Anlamsal Web ve Model Tabanlı Yazılım Mühendisliği gibi daha ileri derslerin/konuların kuramsal alt yapısının hazırlanması.",Dr. Öğr. Üyesi Ahmet EGESOY
Ege University,ege,https://ebp.ege.edu.tr/DereceProgramlari/Ders/1/2626/241590/732442/1,501004592012,TEST YÖNELİMLİ GELİŞTİRME,"Çevik Geliştirim yöntemlerden, araçlara ve temel pratiklere kadar son yıllarda giderek olgunlaşmış ve kullanımı yaygınlaşmıştır. Hangi çevik yöntem uygulanırsa uygulansın, çevik geliştirimin temelinde birim test ve yeniden yapılandırma pratikleri yer almaktadır. Bu dersin temel amacı tesy yönelimlei geliştirme yaşam döngüsünü, etkin birim test yazmanın yöntemlerini ve yeniden yapılandırma desenlerini tanıtmaktır. Birim test ile yeniden yapılandırmanın bütünleşik karakterinin uygulama örnekleri ile anlaşılması hedeflenmektedir.",Prof.Dr.Oğuz DİKENELLİ
Ege University,ege,https://ebp.ege.edu.tr/DereceProgramlari/Ders/1/2626/271446/732442/1,501004692017,KRİPTOLOJİ,"Dersin amacı, Kriptoloji alanında bilimsel araştırma yapabilmek için gerekli teorik altyapının sağlanmasıdır.",Doç. Dr. Özgü CAN
Ege University,ege,https://ebp.ege.edu.tr/DereceProgramlari/Ders/1/2626/284544/732442/1,501004732020,BULUT BİLİŞİM,Bulut Bilişim teknolojisinin temel özelliklerinin kavranması ve iş yaşamı için değerinin anlaşılması.,Doç. Dr. Hasan BULUT
Ege University,ege,https://ebp.ege.edu.tr/DereceProgramlari/Ders/1/2626/122093/643126/1,501004022010,SİSTEM ANALİZİ VE TASARIMI,"Bu dersin amacı bilgi sistemi yönetimi konusunda öğrencileri geliştirmektir.Aynı zamanda genel bilişim vizyonu ve iş idaresi konularında tamamlayıcı alt yapı sağlama amacı söz konusudurGerçek uygulamalar üzerinden teori ve uygulama bütünleştirilir. Bilişimdeki eski ve güncel akımlar ,ülkelerin stratejik yaklaşımlarının ele alınmasıda daha genel yaklaşım geliştirme açısından içerikte bulunmaktadır.",Yük.Müh.Murat Ihlamur
Ege University,ege,https://ebp.ege.edu.tr/DereceProgramlari/Ders/1/2626/122148/643126/1,501004402004,ÜRETİM BİLGİ SİSTEMLERİ,"Bilgisayar mühendisliği öğrencilerinin bilişim sistemleri temel kavramları ve iş dünyasındaki uygulamaları hakkında temel bilgi edinebileceği bir ders olarak görülmektedir. Dersler boyunca öğrenciye üretim kaynakları planlama, işletme kaynakları planlama, elektronik iş, elektronik ticaret, müşteri ilişkileri yönetimi ve otomasyon teknolojileri hakkında temel bilgiler verilmeye çalışılmaktadır. Belirtilen alanlardaki bilişim sistemlerinin tanıtılması amaçlanmaktadır. Bilişim sistemlerinin temel öğeleri, donanım ve yazılım altyapıları hakkında bilgi verilmeye çalışılmaktadır. Öğrencilerin mezun olmadan önce gerçek iş uygulamaları ile tanışık olmaları hedeflenmedktedir.",Ruhi YARDAM
Ege University,ege,https://ebp.ege.edu.tr/DereceProgramlari/Ders/1/2626/241593/643126/1,501004502012,GERÇEK ZAMANLI İLETİŞİM SİSTEMLERİ,Bu dersin amacı gerçek zamanlı gömülü sistemler için işletim sistemi geliştirmeyi veya var olan işletim sistemine uygun uygulama programı yazmayı içeren projelerin yürütülmesine yönelik bilginin edinilmesidir.,Dr. Öğ. Üy. Mustafa Engin
Ege University,ege,https://ebp.ege.edu.tr/DereceProgramlari/Ders/1/2626/241594/643126/1,501004522012,YAZILIM KULLANILABİLİRLİĞİ,"Bu dersin amacı, yazılım mühendisliğinin önemli bir bileşeni olan yazılım kalitesini etkileyen ana unsurlardan “kullanılabilirlik” konusunun incelenmesi ve öğrencilerde yazılım kullanılabilirliği konusunda farkındalık yaratmaktır. Bu bağlamda öğrencilere “kullanılabilirlik mühendisliği” ve bilgisayar-insan etkileşimi alanındaki güncel bilgilerin tanıtılması ve kullanıcı arayüz tasarımı ve değerlendirilmesi konusunda bilgi ve deneyim kazandırılması amaçlanmaktadır.",Prof.Dr.Yasemin TOPALOĞLU
Ege University,ege,https://ebp.ege.edu.tr/DereceProgramlari/Ders/1/2626/254031/643126/1,501004582014,MOBİL BULUT PROGRAMLAMA,"Bu dersin amacı, öğrencilerin, mobil bulut uygulamaları geliştirmek üzere Amazon Web Servisleri platformunu ve teknolojilerini öğrenebilmesini sağlamak için gerekli teorik ve pratik bilgi birikimini sağlamaktır.",Prof.Dr. Murat Osman ÜNALIR
Ege University,ege,https://ebp.ege.edu.tr/DereceProgramlari/Ders/1/2626/277610/643126/1,501004622019,EVRİMSEL HESAPLAMA,Bu dersin amacı öğrencilere evrimsel hesaplama yöntemleri ve bunların eniyileme problemleri üzerinde uygulamaları hakkında bilgi vermektir.,Prof. Dr. Aybars UĞUR Arş. Gör. Dr. Osman GÖKALP
Ege University,ege,https://ebp.ege.edu.tr/DereceProgramlari/Ders/1/2626/277611/643126/1,501004642019,MİKROSERVİSLER,"Bu dersin amacı, öğrencilerin; mikroservisler ile ilgili kavramlar hakkında bilgi sahibi olmasını, mikroservis mimarisinin monolitik mimariden farklarını ayırt edebilmesini, mikroservislerin tasarım prensiplerini kavrayabilmesini, ve temel düzeyde bir mikroservis tasarlama ve geliştirme yeteneğini kazanabilmesini sağlamaktır.",Dr. Öğr. Üyesi Birol ÇİLOĞLUGİL
Ege University,ege,https://ebp.ege.edu.tr/DereceProgramlari/Ders/1/2626/277612/643126/1,501004662019,İŞLEMSEL ZEKA VE DERİN ÖĞRENME,"Öğrencilere Yapay Sinir Ağları, Derin Öğrenme, Bulanık Mantık, Genetik Algoritmalar ve Sürü Zekası gibi İşlemsel Zeka ve Esnek Hesaplama tekniklerini; öğrenme yöntemlerini ve pratik uygulamalarını öğretmek; İşlemsel Zeka'nın bilgisayar mühendisliğindeki, bilgisayar bilimlerindeki ve yapay zeka alanındaki önemini göstermek.",Prof. Dr. Aybars UĞUR
Ege University,ege,https://ebp.ege.edu.tr/DereceProgramlari/Ders/1/2626/284546/643126/1,501004722020,PARALEL PROGRAMLAMA İLKELERİ,"Bu dersin amacı, öğrencilerin (i) paralel bilgisayar mimarilerini tanımlayabilmesi (ii) veri paralelizmi, veri paylaştırması, eşzamanlı döngü, özyinelemeli çalıştırılanlar gibi çeşitli paralel programlama tekniklerini kullanabilmesi(iii) özellikle bellek çekişmesi, aşırı ardışık kodlama, işlem oluşum zamanı, iletişim gecikmesi, eşzamanlı gecikme ve yük dengesizliği gibi paralel programlardaki performans düşüşünün kaynaklarını tanımlayabilmesi(iv) hedef bilgisayar mimarisince belirlenen çeşitli alternatifleri uygulayarak, hatalarını ayıklayarak ve deneyerek verimli paralel algoritmalar geliştirebilmesi için bilgi ve yetenekler kazandırmaktır.",Doç. Dr. Hasan Bulut
